article,series,series-id,episode,language,category,origin,shop-id,web,data-sets,id-sets,id-sets-confidence,auth-sets
11004186,D Mimigs,migros-promotion-2026,D Mimigs: Rettet de Wald,de-ch,audio-play,stock,,,1,1,0,0
11004187,D Mimigs,migros-promotion-2026,D Mimigs: Insel-Olympiade,de-ch,audio-play,stock,,,1,1,0,0
11004188,D Mimigs,migros-promotion-2026,D Mimigs: Tüftel-Duell,de-ch,audio-play,stock,,,1,1,0,0
11004189,D Mimigs,migros-promotion-2026,D Mimigs: De Super-Spielplatz,de-ch,audio-play,stock,,,1,1,0,0
11004190,D Mimigs,migros-promotion-2026,D Mimigs: Schatz ahoi,de-ch,audio-play,stock,,,1,1,1,0
11004191,D Mimigs,migros-promotion-2026,D Mimigs: Schnappet d Diebin,de-ch,audio-play,stock,,,1,1,1,0
2000011805,Hans de Beer,hans-de-beer,"Valentino Frosch - Konstantin, das Krokodil - Bobo und Susu (Schweizer Mundart)",de-ch,audio-play,tunes,c912ccc1-bc6a-420a-893b-b62d3aed7456,https://tonies.com/de-de/audio-content/hans-de-beer/valentino-frosch-konstantin-das-krokodil-bobo-und/,1,0,0,0
2000011806,Hans Fischer,hans-fischer,Der Geburtstag (Schweizer Mundart),de-ch,audio-play,tunes,149084b8-dc38-4540-ba00-0bd6cff19759,https://tonies.com/de-de/audio-content/hans-fischer/der-geburtstag-schweizer-mundart/,1,0,0,0
2000011807,Marcus Pfister,marcus-pfister,Mundart-Geschichten von Marcus Pfister (ungekürzt),de-ch,audio-play,tunes,832f78cb-0c54-4473-bb51-39921f51026b,https://tonies.com/de-de/audio-content/marcus-pfister/mundart-geschichten-von-marcus-pfister-ungekurzt/,1,0,0,0
2000011808,Brigitte Hegglin-Bartholet,brigitte-hegglin-bartholet,De vergässeni Grittibänz,de-ch,audio-play,tunes,a718e4c7-e3f9-4a9e-8b78-99922c8f7a8c,https://tonies.com/de-de/audio-content/brigitte-hegglin-bartholet/de-vergasseni-grittibanz/,1,0,0,0
2000011809,Elisabeth Debrunner,elisabeth-debrunner,"Gipsy, de Chindergartehund",de-ch,audio-play,tunes,c395c643-c381-46e4-b6e3-739629e5f301,https://tonies.com/de-de/audio-content/elisabeth-debrunner/gipsy-de-chindergartehund/,1,0,0,0
2000011810,"Hans de Beer, Burny Bos",hans-de-beer-burny-bos,Ich bin MäuseKatzenBärenStark (Schweizer Mundart),de-ch,audio-play,tunes,bad3bde0-7ff0-4d87-a577-98bdc36a59af,https://tonies.com/de-de/audio-content/hans-de-beer-burny-bos/ich-bin-mausekatzenbarenstark-schweizer-mundart/,1,0,0,0
2000011811,Kleiner Eisbär (Schweizer Mundart),kleiner-eisbaer-schweizer-mundart,Kleiner Eisbär kennst du den Weg? (Schweizer Mundart),de-ch,audio-play,tunes,2fc62295-df91-46d3-a9e4-5c382c4d6e21,https://tonies.com/de-de/audio-content/kleiner-eisbaer-schweizer-mundart/kleiner-eisbar-kennst-du-den-weg-schweizer-mundart/,1,0,0,0
